<?xml version="1.0" encoding="UTF-8"?>
<!-- generated by Business Objects Enterprise  -->
<io:InfoObjects xmlns:crole="http://enterprise.businessobjects.com/3.0/customrole" xmlns:fo="http://enterprise.businessobjects.com/3.0/folder" xmlns:io="http://enterprise.businessobjects.com/3.0/infoobject" xmlns:lcmj="http://enterprise.businessobjects.com/3.0/lcmjob" xmlns:xsi="http://www.w3.org/2001/XMLSchema-instance" xsi:schemaLocation="http://enterprise.businessobjects.com/3.0/customrole BusinessObjects_CustomRole.xsd http://enterprise.businessobjects.com/3.0/folder BusinessObjects_Folder.xsd http://enterprise.businessobjects.com/3.0/infoobject BusinessObjects_InfoObject.xsd http://enterprise.businessobjects.com/3.0/lcmjob BusinessObjects_LCMJob.xsd" version="1200" illegalCharsEncoded="true">
<io:InfoObject xsi:type="fo:Folder">
<io:ID>2183</io:ID>
<io:Name>Promotion Jobs</io:Name>
<io:CUID>AZfc1jCdhktKjrQ34x05nNY</io:CUID>
<io:RUID>ATGT2KxQeI9LoGozuGC443Q</io:RUID>
<io:Kind>Folder</io:Kind>
<io:Owner>System Account</io:Owner>
<io:OwnerCUID>AeLq4SaDG0dEqgPyY4C1Tp8</io:OwnerCUID>
<io:ParentCUID>Ac1aKZlzj5VJmMQi5LDa53s</io:ParentCUID>
<io:CreationTime>2011-10-07T14:03:19.781Z</io:CreationTime>
<io:UpdateTime>2011-10-07T14:03:45.557Z</io:UpdateTime>
<io:ChildrenObjects>4</io:ChildrenObjects>
<io:Instance>false</io:Instance>
<io:ObjectIsContainer>true</io:ObjectIsContainer>
<io:IsHiddenObject>false</io:IsHiddenObject>
<io:IsSystemObject>false</io:IsSystemObject>
<io:IsRunnableObject>false</io:IsRunnableObject>
<io:IsPluginObject>false</io:IsPluginObject>
<io:InstanceObject>false</io:InstanceObject>
<io:IsApplicationObject>false</io:IsApplicationObject>
<io:IsComponent>false</io:IsComponent>
<io:SecurityInfo2><io:Principal><io:PrincipalCUID>AS3BN0tYDc5DtiS5dx5ehNg</io:PrincipalCUID>
<io:IsAdvancedInheritGroups>true</io:IsAdvancedInheritGroups>
<io:IsAdvancedInheritFolders>true</io:IsAdvancedInheritFolders>
<io:Rights></io:Rights>
<io:Roles><io:Role><io:ID>AVog52Tl72ZGvIReeqKndUA</io:ID>
</io:Role>
</io:Roles>
</io:Principal>
<io:Principal><io:PrincipalCUID>AWiHvq39Xe9FtwJZUWJ31h0</io:PrincipalCUID>
<io:IsAdvancedInheritGroups>true</io:IsAdvancedInheritGroups>
<io:IsAdvancedInheritFolders>true</io:IsAdvancedInheritFolders>
<io:Rights></io:Rights>
<io:Roles><io:Role><io:ID>Acagufm667pEuwpfj0zYpaQ</io:ID>
</io:Role>
</io:Roles>
</io:Principal>
</io:SecurityInfo2>
<fo:Path><io:PathFolder>
<io:ObjectType>1</io:ObjectType>
<io:Name>LCM</io:Name>
<io:Id>2184</io:Id>
</io:PathFolder>
</fo:Path>
<fo:CustomProperties>
<io:Bool nameID="SI_DEFAULT_OBJECT" flags="524288">true</io:Bool>
<io:Integer nameID="SI_OBJ_VERSION">5</io:Integer>
<io:Bag nameID="SI_FRSFILES"><io:Integer nameID="SI_TOTAL">0</io:Integer>
</io:Bag>
<io:Bool nameID="SI_READ_ONLY" flags="524288">false</io:Bool>
</fo:CustomProperties>
</io:InfoObject>
<io:InfoObject xsi:type="fo:Folder">
<io:ID>2184</io:ID>
<io:Name>LCM</io:Name>
<io:CUID>Ac1aKZlzj5VJmMQi5LDa53s</io:CUID>
<io:RUID>AcGNunvENBhNgiDudkTIpaM</io:RUID>
<io:Kind>Folder</io:Kind>
<io:Owner>System Account</io:Owner>
<io:OwnerCUID>AeLq4SaDG0dEqgPyY4C1Tp8</io:OwnerCUID>
<io:ParentCUID>ASHnC0S_Pw5LhKFbZ.iA_j4</io:ParentCUID>
<io:CreationTime>2011-10-07T14:03:19.797Z</io:CreationTime>
<io:UpdateTime>2011-12-12T09:59:47.838Z</io:UpdateTime>
<io:ChildrenObjects>1</io:ChildrenObjects>
<io:Instance>false</io:Instance>
<io:ObjectIsContainer>true</io:ObjectIsContainer>
<io:IsHiddenObject>false</io:IsHiddenObject>
<io:IsSystemObject>false</io:IsSystemObject>
<io:IsRunnableObject>false</io:IsRunnableObject>
<io:IsPluginObject>false</io:IsPluginObject>
<io:InstanceObject>false</io:InstanceObject>
<io:IsApplicationObject>false</io:IsApplicationObject>
<io:IsComponent>false</io:IsComponent>
<io:SecurityInfo2><io:Principal><io:PrincipalCUID>B33gZsovC1u1Wm69ghbIXYE</io:PrincipalCUID>
<io:Rights></io:Rights>
<io:Roles><io:Role><io:ID>AVog52Tl72ZGvIReeqKndUA</io:ID>
</io:Role>
</io:Roles>
</io:Principal>
<io:Principal><io:PrincipalCUID>AS3BN0tYDc5DtiS5dx5ehNg</io:PrincipalCUID>
<io:IsAdvancedInheritGroups>true</io:IsAdvancedInheritGroups>
<io:IsAdvancedInheritFolders>true</io:IsAdvancedInheritFolders>
<io:Rights></io:Rights>
<io:Roles><io:Role><io:ID>AVog52Tl72ZGvIReeqKndUA</io:ID>
</io:Role>
</io:Roles>
</io:Principal>
<io:Principal><io:PrincipalCUID>AfqV6t3DbNZIl.OJivCREcM</io:PrincipalCUID>
<io:Rights></io:Rights>
<io:Roles><io:Role><io:ID>AVog52Tl72ZGvIReeqKndUA</io:ID>
</io:Role>
</io:Roles>
</io:Principal>
<io:Principal><io:PrincipalCUID>AWiHvq39Xe9FtwJZUWJ31h0</io:PrincipalCUID>
<io:IsAdvancedInheritGroups>true</io:IsAdvancedInheritGroups>
<io:IsAdvancedInheritFolders>true</io:IsAdvancedInheritFolders>
<io:Rights></io:Rights>
<io:Roles><io:Role><io:ID>Acagufm667pEuwpfj0zYpaQ</io:ID>
</io:Role>
</io:Roles>
</io:Principal>
</io:SecurityInfo2>
<fo:Path></fo:Path>
<fo:CustomProperties>
<io:Bool nameID="SI_DEFAULT_OBJECT" flags="524288">true</io:Bool>
<io:Integer nameID="SI_OBJ_VERSION">7</io:Integer>
<io:Bag nameID="SI_FRSFILES"><io:Integer nameID="SI_TOTAL">0</io:Integer>
</io:Bag>
<io:Bool nameID="SI_READ_ONLY" flags="524288">false</io:Bool>
</fo:CustomProperties>
</io:InfoObject>
<io:InfoObject xsi:type="fo:Folder">
<io:ID>12886</io:ID>
<io:Name>LCM Report</io:Name>
<io:Description></io:Description>
<io:CUID>ARFDhcN6gw1CiLN.KFhJ7bw</io:CUID>
<io:RUID>ARFDhcN6gw1CiLN.KFhJ7bw</io:RUID>
<io:Kind>Folder</io:Kind>
<io:Owner>kilicha</io:Owner>
<io:OwnerCUID>AWNykMYZIM9BrgD3OpbSQ78</io:OwnerCUID>
<io:ParentCUID>AZfc1jCdhktKjrQ34x05nNY</io:ParentCUID>
<io:CreationTime>2011-12-01T11:46:10.198Z</io:CreationTime>
<io:UpdateTime>2011-12-12T11:43:42.386Z</io:UpdateTime>
<io:Keywords></io:Keywords>
<io:ChildrenObjects>4</io:ChildrenObjects>
<io:Instance>false</io:Instance>
<io:ObjectIsContainer>true</io:ObjectIsContainer>
<io:IsHiddenObject>false</io:IsHiddenObject>
<io:IsSystemObject>false</io:IsSystemObject>
<io:IsRunnableObject>false</io:IsRunnableObject>
<io:IsPluginObject>false</io:IsPluginObject>
<io:InstanceObject>false</io:InstanceObject>
<io:IsApplicationObject>false</io:IsApplicationObject>
<io:IsComponent>false</io:IsComponent>
<fo:Path><io:PathFolder>
<io:ObjectType>1</io:ObjectType>
<io:Name>Promotion Jobs</io:Name>
<io:Id>2183</io:Id>
</io:PathFolder>
<io:PathFolder>
<io:ObjectType>1</io:ObjectType>
<io:Name>LCM</io:Name>
<io:Id>2184</io:Id>
</io:PathFolder>
</fo:Path>
<fo:CustomProperties>
<io:Integer nameID="SI_OBJ_VERSION">3</io:Integer>
<io:Bag nameID="SI_FRSFILES"><io:Integer nameID="SI_TOTAL">0</io:Integer>
</io:Bag>
<io:Bool nameID="SI_READ_ONLY" flags="524288">false</io:Bool>
</fo:CustomProperties>
</io:InfoObject>
<io:InfoObject xsi:type="fo:Folder">
<io:ID>12887</io:ID>
<io:Name>LCM Universe</io:Name>
<io:Description></io:Description>
<io:CUID>AfgHxHeruhtIifWLJvcjwqA</io:CUID>
<io:RUID>AfgHxHeruhtIifWLJvcjwqA</io:RUID>
<io:Kind>Folder</io:Kind>
<io:Owner>kilicha</io:Owner>
<io:OwnerCUID>AWNykMYZIM9BrgD3OpbSQ78</io:OwnerCUID>
<io:ParentCUID>AZfc1jCdhktKjrQ34x05nNY</io:ParentCUID>
<io:CreationTime>2011-12-01T11:46:16.555Z</io:CreationTime>
<io:UpdateTime>2011-12-12T11:43:42.386Z</io:UpdateTime>
<io:Keywords></io:Keywords>
<io:ChildrenObjects>1</io:ChildrenObjects>
<io:Instance>false</io:Instance>
<io:ObjectIsContainer>true</io:ObjectIsContainer>
<io:IsHiddenObject>false</io:IsHiddenObject>
<io:IsSystemObject>false</io:IsSystemObject>
<io:IsRunnableObject>false</io:IsRunnableObject>
<io:IsPluginObject>false</io:IsPluginObject>
<io:InstanceObject>false</io:InstanceObject>
<io:IsApplicationObject>false</io:IsApplicationObject>
<io:IsComponent>false</io:IsComponent>
<fo:Path><io:PathFolder>
<io:ObjectType>1</io:ObjectType>
<io:Name>Promotion Jobs</io:Name>
<io:Id>2183</io:Id>
</io:PathFolder>
<io:PathFolder>
<io:ObjectType>1</io:ObjectType>
<io:Name>LCM</io:Name>
<io:Id>2184</io:Id>
</io:PathFolder>
</fo:Path>
<fo:CustomProperties>
<io:Integer nameID="SI_OBJ_VERSION">3</io:Integer>
<io:Bag nameID="SI_FRSFILES"><io:Integer nameID="SI_TOTAL">0</io:Integer>
</io:Bag>
<io:Bool nameID="SI_READ_ONLY" flags="524288">false</io:Bool>
</fo:CustomProperties>
</io:InfoObject>
<io:InfoObject xsi:type="lcmj:LCMJob">
<io:ID>12708</io:ID>
<io:Name>BI206_Cancel Activation by Dealer</io:Name>
<io:Description>Cancel activation by dealer</io:Description>
<io:CUID>AZ4cJxhjzWBPlVn7YPepCWM</io:CUID>
<io:RUID>AZ4cJxhjzWBPlVn7YPepCWM</io:RUID>
<io:Kind>LCMJob</io:Kind>
<io:Owner>Administrator</io:Owner>
<io:OwnerCUID>AfRWaT5_131NlLLf5bRMLKY</io:OwnerCUID>
<io:ParentCUID>ARFDhcN6gw1CiLN.KFhJ7bw</io:ParentCUID>
<io:CreationTime>2011-11-28T17:14:56.422Z</io:CreationTime>
<io:UpdateTime>2011-12-01T14:10:14.790Z</io:UpdateTime>
<io:Keywords>cancel activation dealer grossadd disconnection</io:Keywords>
<io:ChildrenObjects>1</io:ChildrenObjects>
<io:Instance>false</io:Instance>
<io:ObjectIsContainer>false</io:ObjectIsContainer>
<io:IsHiddenObject>false</io:IsHiddenObject>
<io:IsSystemObject>false</io:IsSystemObject>
<io:IsRunnableObject>false</io:IsRunnableObject>
<io:IsPluginObject>false</io:IsPluginObject>
<io:InstanceObject>false</io:InstanceObject>
<io:IsApplicationObject>false</io:IsApplicationObject>
<io:IsComponent>false</io:IsComponent>
<io:LastSuccessfulInstanceCUID>ARaGV31m8ZlHtpV3ifzEnMA</io:LastSuccessfulInstanceCUID>
<io:LastRunTime>2011-11-28T17:24:40.312Z</io:LastRunTime>
<lcmj:SchedulingInfo><io:BeginDate>2011-11-28T16:23:38.403Z</io:BeginDate>
<io:EndDate>2021-11-28T17:14:55.969Z</io:EndDate>
<io:RightNow>true</io:RightNow>
<io:IntervalNthDay>0</io:IntervalNthDay>
<io:IntervalMonths>0</io:IntervalMonths>
<io:IntervalHours>0</io:IntervalHours>
<io:IntervalMinutes>0</io:IntervalMinutes>
<io:IntervalDays>0</io:IntervalDays>
<io:CalendarRunDays></io:CalendarRunDays>
<io:RetriesAllowed>0</io:RetriesAllowed>
<io:RetryInterval>1800</io:RetryInterval>
</lcmj:SchedulingInfo>
<lcmj:FileProperties><io:Files><io:File>
<io:Name>lcm.job.primary.resource.list.properties</io:Name>
<io:Size>582</io:Size>
</io:File>
<io:File>
<io:Name>lcm.job.dependencies.list.properties</io:Name>
<io:Size>2132</io:Size>
</io:File>
</io:Files>
</lcmj:FileProperties>
<lcmj:Publications></lcmj:Publications>
<lcmj:EncyclopediaTopics></lcmj:EncyclopediaTopics>
<lcmj:PersonalCategories></lcmj:PersonalCategories>
<lcmj:CorporateCategories></lcmj:CorporateCategories>
<lcmj:TemplateCuid>AZ4cJxhjzWBPlVn7YPepCWM</lcmj:TemplateCuid>
<lcmj:SourcedocArtifacts></lcmj:SourcedocArtifacts>
<lcmj:ArtifactsScopebatchdoc></lcmj:ArtifactsScopebatchdoc>
<lcmj:ScopebatchdocArtifacts></lcmj:ScopebatchdocArtifacts>
<lcmj:ArtifactsSourcedoc></lcmj:ArtifactsSourcedoc>
<lcmj:ReferringDocs></lcmj:ReferringDocs>
<lcmj:ArtifactsScopebatch></lcmj:ArtifactsScopebatch>
<lcmj:SourceCmsName>bo_test:6400</lcmj:SourceCmsName>
<lcmj:JobStatus>Success</lcmj:JobStatus>
<lcmj:JobProperties><lcmj:DestinationCmsUserName>publish</lcmj:DestinationCmsUserName>
<lcmj:SourceCmsUser>B33gZsovC1u1Wm69ghbIXYE</lcmj:SourceCmsUser>
<lcmj:RollbackEnabled>true</lcmj:RollbackEnabled>
<lcmj:IncludeAppRights>false</lcmj:IncludeAppRights>
<lcmj:SourceCmsUserName>publish</lcmj:SourceCmsUserName>
<lcmj:IncludeSecurity>false</lcmj:IncludeSecurity>
<lcmj:ChgMngmntId>DWH RL 20111128</lcmj:ChgMngmntId>
<lcmj:SourceAuthType>secEnterprise</lcmj:SourceAuthType>
<lcmj:DestinationCmsUser>B33gZsovC1u1Wm69ghbIXYE</lcmj:DestinationCmsUser>
<lcmj:DestinationAuthType>secEnterprise</lcmj:DestinationAuthType>
<lcmj:SourceCmsName>bo_test:6400</lcmj:SourceCmsName>
<lcmj:JobStatus>Success</lcmj:JobStatus>
<lcmj:DestinationCmsName>bo_bat:6400</lcmj:DestinationCmsName>
<lcmj:SourceCmsPassword>z00084J\UBbCMGN:0</lcmj:SourceCmsPassword>
<lcmj:DestinationCmsPassword>z00084J\UBbCMGN:0</lcmj:DestinationCmsPassword>
</lcmj:JobProperties>
<lcmj:DestinationCmsName>bo_bat:6400</lcmj:DestinationCmsName>
<lcmj:ReadOnly>false</lcmj:ReadOnly>
<lcmj:Scheduleinfo><lcmj:ScheduleType>0</lcmj:ScheduleType>
<lcmj:TimezoneId>0</lcmj:TimezoneId>
</lcmj:Scheduleinfo>
<lcmj:ObjVersion>14</lcmj:ObjVersion>
<lcmj:CustomProperties>
<io:Bag nameID="SI_FRSFILES"><io:Integer nameID="SI_TOTAL">0</io:Integer>
</io:Bag>
</lcmj:CustomProperties>
</io:InfoObject>
<io:InfoObject xsi:type="lcmj:LCMJob">
<io:ID>12885</io:ID>
<io:Name>BI112_SSO_selfservice Orders</io:Name>
<io:Description>Selfcare Selfservice Orders</io:Description>
<io:CUID>ARz1yKQtQ3hBgRyGjV4DEIw</io:CUID>
<io:RUID>ARz1yKQtQ3hBgRyGjV4DEIw</io:RUID>
<io:Kind>LCMJob</io:Kind>
<io:Owner>kilicha</io:Owner>
<io:OwnerCUID>AWNykMYZIM9BrgD3OpbSQ78</io:OwnerCUID>
<io:ParentCUID>ARFDhcN6gw1CiLN.KFhJ7bw</io:ParentCUID>
<io:CreationTime>2011-12-01T11:44:36.528Z</io:CreationTime>
<io:UpdateTime>2011-12-01T14:10:14.868Z</io:UpdateTime>
<io:Keywords>webshop, selfcare, orders, selfcare</io:Keywords>
<io:ChildrenObjects>1</io:ChildrenObjects>
<io:Instance>false</io:Instance>
<io:ObjectIsContainer>false</io:ObjectIsContainer>
<io:IsHiddenObject>false</io:IsHiddenObject>
<io:IsSystemObject>false</io:IsSystemObject>
<io:IsRunnableObject>false</io:IsRunnableObject>
<io:IsPluginObject>false</io:IsPluginObject>
<io:InstanceObject>false</io:InstanceObject>
<io:IsApplicationObject>false</io:IsApplicationObject>
<io:IsComponent>false</io:IsComponent>
<io:LastSuccessfulInstanceCUID>AdxyBrD8vT9Jh5kKzvmQfMo</io:LastSuccessfulInstanceCUID>
<io:LastRunTime>2011-12-01T11:53:29.324Z</io:LastRunTime>
<lcmj:SchedulingInfo><io:BeginDate>2011-12-01T10:48:14.865Z</io:BeginDate>
<io:EndDate>2021-12-01T11:44:35.919Z</io:EndDate>
<io:RightNow>true</io:RightNow>
<io:IntervalNthDay>0</io:IntervalNthDay>
<io:IntervalMonths>0</io:IntervalMonths>
<io:IntervalHours>0</io:IntervalHours>
<io:IntervalMinutes>0</io:IntervalMinutes>
<io:IntervalDays>0</io:IntervalDays>
<io:CalendarRunDays></io:CalendarRunDays>
<io:RetriesAllowed>0</io:RetriesAllowed>
<io:RetryInterval>1800</io:RetryInterval>
</lcmj:SchedulingInfo>
<lcmj:FileProperties><io:Files><io:File>
<io:Name>lcm.job.primary.resource.list.properties</io:Name>
<io:Size>380</io:Size>
</io:File>
<io:File>
<io:Name>lcm.job.dependencies.list.properties</io:Name>
<io:Size>4154</io:Size>
</io:File>
</io:Files>
</lcmj:FileProperties>
<lcmj:Publications></lcmj:Publications>
<lcmj:EncyclopediaTopics></lcmj:EncyclopediaTopics>
<lcmj:PersonalCategories></lcmj:PersonalCategories>
<lcmj:CorporateCategories></lcmj:CorporateCategories>
<lcmj:TemplateCuid>ARz1yKQtQ3hBgRyGjV4DEIw</lcmj:TemplateCuid>
<lcmj:SourcedocArtifacts></lcmj:SourcedocArtifacts>
<lcmj:ArtifactsScopebatchdoc></lcmj:ArtifactsScopebatchdoc>
<lcmj:ScopebatchdocArtifacts></lcmj:ScopebatchdocArtifacts>
<lcmj:ArtifactsSourcedoc></lcmj:ArtifactsSourcedoc>
<lcmj:ReferringDocs></lcmj:ReferringDocs>
<lcmj:ArtifactsScopebatch></lcmj:ArtifactsScopebatch>
<lcmj:SourceCmsName>bo_test:6400</lcmj:SourceCmsName>
<lcmj:JobStatus>Success</lcmj:JobStatus>
<lcmj:JobProperties><lcmj:DestinationCmsUserName>publish</lcmj:DestinationCmsUserName>
<lcmj:SourceCmsUser>B33gZsovC1u1Wm69ghbIXYE</lcmj:SourceCmsUser>
<lcmj:RollbackEnabled>true</lcmj:RollbackEnabled>
<lcmj:IncludeAppRights>false</lcmj:IncludeAppRights>
<lcmj:SourceCmsUserName>publish</lcmj:SourceCmsUserName>
<lcmj:IncludeSecurity>false</lcmj:IncludeSecurity>
<lcmj:ChgMngmntId>FIX 20111201</lcmj:ChgMngmntId>
<lcmj:SourceAuthType>secEnterprise</lcmj:SourceAuthType>
<lcmj:DestinationCmsUser>B33gZsovC1u1Wm69ghbIXYE</lcmj:DestinationCmsUser>
<lcmj:DestinationAuthType>secEnterprise</lcmj:DestinationAuthType>
<lcmj:SourceCmsName>bo_test:6400</lcmj:SourceCmsName>
<lcmj:JobStatus>Success</lcmj:JobStatus>
<lcmj:DestinationCmsName>bo_bat:6400</lcmj:DestinationCmsName>
<lcmj:SourceCmsPassword>z00084J\UBbCMGN:0</lcmj:SourceCmsPassword>
<lcmj:DestinationCmsPassword>z00084J\UBbCMGN:0</lcmj:DestinationCmsPassword>
</lcmj:JobProperties>
<lcmj:DestinationCmsName>bo_bat:6400</lcmj:DestinationCmsName>
<lcmj:ReadOnly>false</lcmj:ReadOnly>
<lcmj:Scheduleinfo><lcmj:ScheduleType>0</lcmj:ScheduleType>
<lcmj:TimezoneId>0</lcmj:TimezoneId>
</lcmj:Scheduleinfo>
<lcmj:ObjVersion>12</lcmj:ObjVersion>
<lcmj:CustomProperties>
<io:Bag nameID="SI_FRSFILES"><io:Integer nameID="SI_TOTAL">0</io:Integer>
</io:Bag>
</lcmj:CustomProperties>
</io:InfoObject>
<io:InfoObject xsi:type="lcmj:LCMJob">
<io:ID>13069</io:ID>
<io:Name>BI210_Supersim Activation</io:Name>
<io:Description>Supersim Grossadd Process Report</io:Description>
<io:CUID>Afkkb_dsfr5Crdr.dc28g_Y</io:CUID>
<io:RUID>Afkkb_dsfr5Crdr.dc28g_Y</io:RUID>
<io:Kind>LCMJob</io:Kind>
<io:Owner>kilicha</io:Owner>
<io:OwnerCUID>AWNykMYZIM9BrgD3OpbSQ78</io:OwnerCUID>
<io:ParentCUID>ARFDhcN6gw1CiLN.KFhJ7bw</io:ParentCUID>
<io:CreationTime>2011-12-06T17:05:16.142Z</io:CreationTime>
<io:UpdateTime>2011-12-06T17:13:26.665Z</io:UpdateTime>
<io:Keywords>supersim, grossadd, webshop, selfcare, psft, order</io:Keywords>
<io:ChildrenObjects>1</io:ChildrenObjects>
<io:Instance>false</io:Instance>
<io:ObjectIsContainer>false</io:ObjectIsContainer>
<io:IsHiddenObject>false</io:IsHiddenObject>
<io:IsSystemObject>false</io:IsSystemObject>
<io:IsRunnableObject>false</io:IsRunnableObject>
<io:IsPluginObject>false</io:IsPluginObject>
<io:InstanceObject>false</io:InstanceObject>
<io:IsApplicationObject>false</io:IsApplicationObject>
<io:IsComponent>false</io:IsComponent>
<io:LastSuccessfulInstanceCUID>AX9CDuyJw7JAoMec.CdjnCc</io:LastSuccessfulInstanceCUID>
<io:LastRunTime>2011-12-06T17:13:27.259Z</io:LastRunTime>
<lcmj:SchedulingInfo><io:BeginDate>2011-12-06T16:12:17.667Z</io:BeginDate>
<io:EndDate>2021-12-06T17:05:15.470Z</io:EndDate>
<io:RightNow>true</io:RightNow>
<io:IntervalNthDay>0</io:IntervalNthDay>
<io:IntervalMonths>0</io:IntervalMonths>
<io:IntervalHours>0</io:IntervalHours>
<io:IntervalMinutes>0</io:IntervalMinutes>
<io:IntervalDays>0</io:IntervalDays>
<io:CalendarRunDays></io:CalendarRunDays>
<io:RetriesAllowed>0</io:RetriesAllowed>
<io:RetryInterval>1800</io:RetryInterval>
</lcmj:SchedulingInfo>
<lcmj:FileProperties><io:Files><io:File>
<io:Name>lcm.job.primary.resource.list.properties</io:Name>
<io:Size>566</io:Size>
</io:File>
<io:File>
<io:Name>lcm.job.dependencies.list.properties</io:Name>
<io:Size>3814</io:Size>
</io:File>
</io:Files>
</lcmj:FileProperties>
<lcmj:Publications></lcmj:Publications>
<lcmj:EncyclopediaTopics></lcmj:EncyclopediaTopics>
<lcmj:PersonalCategories></lcmj:PersonalCategories>
<lcmj:CorporateCategories></lcmj:CorporateCategories>
<lcmj:TemplateCuid>Afkkb_dsfr5Crdr.dc28g_Y</lcmj:TemplateCuid>
<lcmj:SourcedocArtifacts></lcmj:SourcedocArtifacts>
<lcmj:ArtifactsScopebatchdoc></lcmj:ArtifactsScopebatchdoc>
<lcmj:ScopebatchdocArtifacts></lcmj:ScopebatchdocArtifacts>
<lcmj:ArtifactsSourcedoc></lcmj:ArtifactsSourcedoc>
<lcmj:ReferringDocs></lcmj:ReferringDocs>
<lcmj:ArtifactsScopebatch></lcmj:ArtifactsScopebatch>
<lcmj:SourceCmsName>BO_TEST:6400</lcmj:SourceCmsName>
<lcmj:JobStatus>Success</lcmj:JobStatus>
<lcmj:JobProperties><lcmj:DestinationCmsUserName>publish</lcmj:DestinationCmsUserName>
<lcmj:SourceCmsUser>B33gZsovC1u1Wm69ghbIXYE</lcmj:SourceCmsUser>
<lcmj:RollbackEnabled>true</lcmj:RollbackEnabled>
<lcmj:IncludeAppRights>false</lcmj:IncludeAppRights>
<lcmj:SourceCmsUserName>publish</lcmj:SourceCmsUserName>
<lcmj:IncludeSecurity>false</lcmj:IncludeSecurity>
<lcmj:ChgMngmntId></lcmj:ChgMngmntId>
<lcmj:SourceAuthType>secEnterprise</lcmj:SourceAuthType>
<lcmj:DestinationCmsUser>B33gZsovC1u1Wm69ghbIXYE</lcmj:DestinationCmsUser>
<lcmj:DestinationAuthType>secEnterprise</lcmj:DestinationAuthType>
<lcmj:SourceCmsName>BO_TEST:6400</lcmj:SourceCmsName>
<lcmj:JobStatus>Success</lcmj:JobStatus>
<lcmj:DestinationCmsName>bobat:6400</lcmj:DestinationCmsName>
<lcmj:SourceCmsPassword>z00084J\UBbCMGN:0</lcmj:SourceCmsPassword>
<lcmj:DestinationCmsPassword>z00084J\UBbCMGN:0</lcmj:DestinationCmsPassword>
</lcmj:JobProperties>
<lcmj:DestinationCmsName>bobat:6400</lcmj:DestinationCmsName>
<lcmj:ReadOnly>false</lcmj:ReadOnly>
<lcmj:Scheduleinfo><lcmj:ScheduleType>0</lcmj:ScheduleType>
<lcmj:TimezoneId>0</lcmj:TimezoneId>
</lcmj:Scheduleinfo>
<lcmj:ObjVersion>13</lcmj:ObjVersion>
<lcmj:CustomProperties>
<io:Bag nameID="SI_FRSFILES"><io:Integer nameID="SI_TOTAL">0</io:Integer>
</io:Bag>
</lcmj:CustomProperties>
</io:InfoObject>
<io:InfoObject xsi:type="lcmj:LCMJob">
<io:ID>13212</io:ID>
<io:Name>SDF Carousel Reports</io:Name>
<io:Description></io:Description>
<io:CUID>AXbEJZHLwztKkyyLK.jbez0</io:CUID>
<io:RUID>AXbEJZHLwztKkyyLK.jbez0</io:RUID>
<io:Kind>LCMJob</io:Kind>
<io:Owner>herchlma</io:Owner>
<io:OwnerCUID>Ac.Gy0wvum9JhTB5XkDfEfM</io:OwnerCUID>
<io:ParentCUID>ARFDhcN6gw1CiLN.KFhJ7bw</io:ParentCUID>
<io:CreationTime>2011-12-12T10:01:30.083Z</io:CreationTime>
<io:UpdateTime>2011-12-12T10:08:11.337Z</io:UpdateTime>
<io:Keywords></io:Keywords>
<io:ChildrenObjects>1</io:ChildrenObjects>
<io:Instance>false</io:Instance>
<io:ObjectIsContainer>false</io:ObjectIsContainer>
<io:IsHiddenObject>false</io:IsHiddenObject>
<io:IsSystemObject>false</io:IsSystemObject>
<io:IsRunnableObject>false</io:IsRunnableObject>
<io:IsPluginObject>false</io:IsPluginObject>
<io:InstanceObject>false</io:InstanceObject>
<io:IsApplicationObject>false</io:IsApplicationObject>
<io:IsComponent>false</io:IsComponent>
<io:LastSuccessfulInstanceCUID>AVAG6wbSDGxKty0iUU7tk.Q</io:LastSuccessfulInstanceCUID>
<io:LastRunTime>2011-12-12T10:08:11.712Z</io:LastRunTime>
<lcmj:SchedulingInfo><io:BeginDate>2011-12-12T09:07:31.937Z</io:BeginDate>
<io:EndDate>2021-12-12T10:01:29.630Z</io:EndDate>
<io:RightNow>true</io:RightNow>
<io:IntervalNthDay>0</io:IntervalNthDay>
<io:IntervalMonths>0</io:IntervalMonths>
<io:IntervalHours>0</io:IntervalHours>
<io:IntervalMinutes>0</io:IntervalMinutes>
<io:IntervalDays>0</io:IntervalDays>
<io:CalendarRunDays></io:CalendarRunDays>
<io:RetriesAllowed>0</io:RetriesAllowed>
<io:RetryInterval>1800</io:RetryInterval>
</lcmj:SchedulingInfo>
<lcmj:FileProperties><io:Files><io:File>
<io:Name>lcm.job.primary.resource.list.properties</io:Name>
<io:Size>816</io:Size>
</io:File>
<io:File>
<io:Name>lcm.job.dependencies.list.properties</io:Name>
<io:Size>3590</io:Size>
</io:File>
</io:Files>
</lcmj:FileProperties>
<lcmj:Publications></lcmj:Publications>
<lcmj:EncyclopediaTopics></lcmj:EncyclopediaTopics>
<lcmj:PersonalCategories></lcmj:PersonalCategories>
<lcmj:CorporateCategories></lcmj:CorporateCategories>
<lcmj:TemplateCuid>AXbEJZHLwztKkyyLK.jbez0</lcmj:TemplateCuid>
<lcmj:SourcedocArtifacts></lcmj:SourcedocArtifacts>
<lcmj:ArtifactsScopebatchdoc></lcmj:ArtifactsScopebatchdoc>
<lcmj:ScopebatchdocArtifacts></lcmj:ScopebatchdocArtifacts>
<lcmj:ArtifactsSourcedoc></lcmj:ArtifactsSourcedoc>
<lcmj:ReferringDocs></lcmj:ReferringDocs>
<lcmj:ArtifactsScopebatch></lcmj:ArtifactsScopebatch>
<lcmj:SourceCmsName>botest:6400</lcmj:SourceCmsName>
<lcmj:JobStatus>Success</lcmj:JobStatus>
<lcmj:JobProperties><lcmj:DestinationCmsUserName>publish</lcmj:DestinationCmsUserName>
<lcmj:SourceCmsUser>B33gZsovC1u1Wm69ghbIXYE</lcmj:SourceCmsUser>
<lcmj:RollbackEnabled>true</lcmj:RollbackEnabled>
<lcmj:IncludeAppRights>false</lcmj:IncludeAppRights>
<lcmj:SourceCmsUserName>publish</lcmj:SourceCmsUserName>
<lcmj:IncludeSecurity>false</lcmj:IncludeSecurity>
<lcmj:ChgMngmntId></lcmj:ChgMngmntId>
<lcmj:SourceAuthType>secEnterprise</lcmj:SourceAuthType>
<lcmj:DestinationCmsUser>B33gZsovC1u1Wm69ghbIXYE</lcmj:DestinationCmsUser>
<lcmj:DestinationAuthType>secEnterprise</lcmj:DestinationAuthType>
<lcmj:SourceCmsName>botest:6400</lcmj:SourceCmsName>
<lcmj:JobStatus>Success</lcmj:JobStatus>
<lcmj:DestinationCmsName>bobat:6400</lcmj:DestinationCmsName>
<lcmj:SourceCmsPassword>z00084J\UBbCMGN:0</lcmj:SourceCmsPassword>
<lcmj:DestinationCmsPassword>z00084J\UBbCMGN:0</lcmj:DestinationCmsPassword>
</lcmj:JobProperties>
<lcmj:DestinationCmsName>bobat:6400</lcmj:DestinationCmsName>
<lcmj:ReadOnly>false</lcmj:ReadOnly>
<lcmj:Scheduleinfo><lcmj:ScheduleType>0</lcmj:ScheduleType>
<lcmj:TimezoneId>0</lcmj:TimezoneId>
</lcmj:Scheduleinfo>
<lcmj:ObjVersion>15</lcmj:ObjVersion>
<lcmj:CustomProperties>
<io:Bag nameID="SI_FRSFILES"><io:Integer nameID="SI_TOTAL">0</io:Integer>
</io:Bag>
</lcmj:CustomProperties>
</io:InfoObject>
<io:InfoObject xsi:type="lcmj:LCMJob">
<io:ID>13163</io:ID>
<io:Name>Case Management Report</io:Name>
<io:Description>Universe Case Management Report</io:Description>
<io:CUID>AaLmdeWbAgFLg.N0ofXkvcI</io:CUID>
<io:RUID>AaLmdeWbAgFLg.N0ofXkvcI</io:RUID>
<io:Kind>LCMJob</io:Kind>
<io:Owner>kilicha</io:Owner>
<io:OwnerCUID>AWNykMYZIM9BrgD3OpbSQ78</io:OwnerCUID>
<io:ParentCUID>AfgHxHeruhtIifWLJvcjwqA</io:ParentCUID>
<io:CreationTime>2011-12-07T17:15:41.786Z</io:CreationTime>
<io:UpdateTime>2011-12-07T17:23:20.524Z</io:UpdateTime>
<io:Keywords>case, psft, universe</io:Keywords>
<io:ChildrenObjects>1</io:ChildrenObjects>
<io:Instance>false</io:Instance>
<io:ObjectIsContainer>false</io:ObjectIsContainer>
<io:IsHiddenObject>false</io:IsHiddenObject>
<io:IsSystemObject>false</io:IsSystemObject>
<io:IsRunnableObject>false</io:IsRunnableObject>
<io:IsPluginObject>false</io:IsPluginObject>
<io:InstanceObject>false</io:InstanceObject>
<io:IsApplicationObject>false</io:IsApplicationObject>
<io:IsComponent>false</io:IsComponent>
<io:LastSuccessfulInstanceCUID>AV7q5ERiN85KuD3KDE3L4Lw</io:LastSuccessfulInstanceCUID>
<io:LastRunTime>2011-12-07T17:23:20.837Z</io:LastRunTime>
<lcmj:SchedulingInfo><io:BeginDate>2011-12-07T16:17:46.197Z</io:BeginDate>
<io:EndDate>2021-12-07T17:15:41.145Z</io:EndDate>
<io:RightNow>true</io:RightNow>
<io:IntervalNthDay>0</io:IntervalNthDay>
<io:IntervalMonths>0</io:IntervalMonths>
<io:IntervalHours>0</io:IntervalHours>
<io:IntervalMinutes>0</io:IntervalMinutes>
<io:IntervalDays>0</io:IntervalDays>
<io:CalendarRunDays></io:CalendarRunDays>
<io:RetriesAllowed>0</io:RetriesAllowed>
<io:RetryInterval>1800</io:RetryInterval>
</lcmj:SchedulingInfo>
<lcmj:FileProperties><io:Files><io:File>
<io:Name>lcm.job.primary.resource.list.properties</io:Name>
<io:Size>313</io:Size>
</io:File>
<io:File>
<io:Name>lcm.job.dependencies.list.properties</io:Name>
<io:Size>2411</io:Size>
</io:File>
</io:Files>
</lcmj:FileProperties>
<lcmj:Publications></lcmj:Publications>
<lcmj:EncyclopediaTopics></lcmj:EncyclopediaTopics>
<lcmj:PersonalCategories></lcmj:PersonalCategories>
<lcmj:CorporateCategories></lcmj:CorporateCategories>
<lcmj:TemplateCuid>AaLmdeWbAgFLg.N0ofXkvcI</lcmj:TemplateCuid>
<lcmj:SourcedocArtifacts></lcmj:SourcedocArtifacts>
<lcmj:ArtifactsScopebatchdoc></lcmj:ArtifactsScopebatchdoc>
<lcmj:ScopebatchdocArtifacts></lcmj:ScopebatchdocArtifacts>
<lcmj:ArtifactsSourcedoc></lcmj:ArtifactsSourcedoc>
<lcmj:ReferringDocs></lcmj:ReferringDocs>
<lcmj:ArtifactsScopebatch></lcmj:ArtifactsScopebatch>
<lcmj:SourceCmsName>botest:6400</lcmj:SourceCmsName>
<lcmj:JobStatus>Success</lcmj:JobStatus>
<lcmj:JobProperties><lcmj:DestinationCmsUserName>publish</lcmj:DestinationCmsUserName>
<lcmj:SourceCmsUser>B33gZsovC1u1Wm69ghbIXYE</lcmj:SourceCmsUser>
<lcmj:RollbackEnabled>true</lcmj:RollbackEnabled>
<lcmj:IncludeAppRights>false</lcmj:IncludeAppRights>
<lcmj:SourceCmsUserName>publish</lcmj:SourceCmsUserName>
<lcmj:IncludeSecurity>false</lcmj:IncludeSecurity>
<lcmj:ChgMngmntId>Hotfix</lcmj:ChgMngmntId>
<lcmj:SourceAuthType>secEnterprise</lcmj:SourceAuthType>
<lcmj:DestinationCmsUser>B33gZsovC1u1Wm69ghbIXYE</lcmj:DestinationCmsUser>
<lcmj:DestinationAuthType>secEnterprise</lcmj:DestinationAuthType>
<lcmj:SourceCmsName>botest:6400</lcmj:SourceCmsName>
<lcmj:JobStatus>Success</lcmj:JobStatus>
<lcmj:DestinationCmsName>bobat:6400</lcmj:DestinationCmsName>
<lcmj:SourceCmsPassword>z00084J\UBbCMGN:0</lcmj:SourceCmsPassword>
<lcmj:DestinationCmsPassword>z00084J\UBbCMGN:0</lcmj:DestinationCmsPassword>
</lcmj:JobProperties>
<lcmj:DestinationCmsName>bobat:6400</lcmj:DestinationCmsName>
<lcmj:ReadOnly>false</lcmj:ReadOnly>
<lcmj:Scheduleinfo><lcmj:ScheduleType>0</lcmj:ScheduleType>
<lcmj:TimezoneId>0</lcmj:TimezoneId>
</lcmj:Scheduleinfo>
<lcmj:ObjVersion>11</lcmj:ObjVersion>
<lcmj:CustomProperties>
<io:Bag nameID="SI_FRSFILES"><io:Integer nameID="SI_TOTAL">0</io:Integer>
</io:Bag>
</lcmj:CustomProperties>
</io:InfoObject>
<io:InfoObject xsi:type="crole:CustomRole">
<io:Name>Full Control</io:Name>
<io:CUID>AVog52Tl72ZGvIReeqKndUA</io:CUID>
<io:ParentCUID>AQxIJpjkbaRBrhcMvtnHAT4</io:ParentCUID>
<io:SecurityInfo2><io:Principal><io:PrincipalCUID>AS3BN0tYDc5DtiS5dx5ehNg</io:PrincipalCUID>
<io:IsAdvancedInheritGroups>true</io:IsAdvancedInheritGroups>
<io:IsAdvancedInheritFolders>true</io:IsAdvancedInheritFolders>
<io:Rights></io:Rights>
<io:Roles><io:Role><io:ID>AVog52Tl72ZGvIReeqKndUA</io:ID>
</io:Role>
</io:Roles>
</io:Principal>
<io:Principal><io:PrincipalCUID>AZLdvPaGuU5GoKFiPM239O4</io:PrincipalCUID>
<io:Rights></io:Rights>
</io:Principal>
<io:Principal><io:PrincipalCUID>AWiHvq39Xe9FtwJZUWJ31h0</io:PrincipalCUID>
<io:IsAdvancedInheritGroups>true</io:IsAdvancedInheritGroups>
<io:IsAdvancedInheritFolders>true</io:IsAdvancedInheritFolders>
<io:Rights><io:Right><io:ID>DELETE</io:ID>
<io:Denied>true</io:Denied>
<io:Scope>this</io:Scope>
</io:Right>
<io:Right><io:ID>VIEW</io:ID>
<io:Scope>this</io:Scope>
</io:Right>
<io:Right><io:ID>DELETE</io:ID>
<io:Denied>true</io:Denied>
<io:Scope>descendants</io:Scope>
</io:Right>
<io:Right><io:ID>ASSIGN_ROLE</io:ID>
<io:Scope>this</io:Scope>
</io:Right>
</io:Rights>
</io:Principal>
</io:SecurityInfo2>
<crole:RoleRights></crole:RoleRights>
<crole:CustomProperties>
<io:Integer nameID="SI_OBJ_VERSION">232</io:Integer>
</crole:CustomProperties>
</io:InfoObject>
<io:InfoObject xsi:type="crole:CustomRole">
<io:Name>View</io:Name>
<io:CUID>Acagufm667pEuwpfj0zYpaQ</io:CUID>
<io:ParentCUID>AQxIJpjkbaRBrhcMvtnHAT4</io:ParentCUID>
<io:SecurityInfo2><io:Principal><io:PrincipalCUID>AS3BN0tYDc5DtiS5dx5ehNg</io:PrincipalCUID>
<io:IsAdvancedInheritGroups>true</io:IsAdvancedInheritGroups>
<io:IsAdvancedInheritFolders>true</io:IsAdvancedInheritFolders>
<io:Rights></io:Rights>
<io:Roles><io:Role><io:ID>AVog52Tl72ZGvIReeqKndUA</io:ID>
</io:Role>
</io:Roles>
</io:Principal>
<io:Principal><io:PrincipalCUID>AZLdvPaGuU5GoKFiPM239O4</io:PrincipalCUID>
<io:Rights></io:Rights>
</io:Principal>
<io:Principal><io:PrincipalCUID>AWiHvq39Xe9FtwJZUWJ31h0</io:PrincipalCUID>
<io:IsAdvancedInheritGroups>true</io:IsAdvancedInheritGroups>
<io:IsAdvancedInheritFolders>true</io:IsAdvancedInheritFolders>
<io:Rights><io:Right><io:ID>DELETE</io:ID>
<io:Denied>true</io:Denied>
<io:Scope>this</io:Scope>
</io:Right>
<io:Right><io:ID>VIEW</io:ID>
<io:Scope>this</io:Scope>
</io:Right>
<io:Right><io:ID>DELETE</io:ID>
<io:Denied>true</io:Denied>
<io:Scope>descendants</io:Scope>
</io:Right>
<io:Right><io:ID>ASSIGN_ROLE</io:ID>
<io:Scope>this</io:Scope>
</io:Right>
</io:Rights>
</io:Principal>
</io:SecurityInfo2>
<crole:RoleRights></crole:RoleRights>
<crole:CustomProperties>
<io:Integer nameID="SI_OBJ_VERSION">36</io:Integer>
</crole:CustomProperties>
</io:InfoObject>
</io:InfoObjects>
